,<start>,learning,changes,thoroughly,<stop>
<start>,1,0.0,0.0,0.0,0.0
V,0,0.0009,3.6e-07,0.0,0.0
N,0,0.0002,1.08e-06,0.0,0.0
Adv,0,0.0,0.0,2.8800000000000004e-10,0.0
<stop>,0,0.0,0.0,0.0,2.8800000000000007e-11
